qwen3_feature_id,qwen3_sentiment,qwen3_interpretation,qwen3_correlation_score,tinyllama_feature_id,tinyllama_sentiment,tinyllama_interpretation,tinyllama_correlation_score,similarity_score
807,positive,"Based on the given sentences and their per-token activation strengths, this feature appears to strongly activate when the model encounters words or phrases related to criticism, disapproval, or skepticism, particularly when describing a movie or film. It is most likely a feature associated with detecting negative sentiment or critical tone in text.",-0.9611,929,positive,"Based on the given sentences and per-token activation strengths, it appears that this feature strongly activates on sentences that describe or contain a critique or negative opinion about a film, often in relation to its humor, plot, or likable characters. The feature seems to be sensitive to phrases that imply a lack of originality, unlikable protagonists, or an overall negative reception.",-0.7391,0.8758067488670349
233,positive,"After analyzing the given sentences and their corresponding token activation strengths, it appears that the feature activates strongly when the input sentence describes a comparison or an evaluation of a creative work, such as a movie or a book, typically involving a nuanced assessment of its artistic merits. This is reflected in the strong activations for words related to artistic criticism, such as ""complex characters"", ""delicate performances"", ""wheezing to an end"", ""special effects"", and ""magic"".",-0.1487,866,negative,"After analyzing the given sentences and their per-token activation strengths, I've identified a pattern that appears to contribute to the strong activation of the feature.

The feature tends to activate strongly when the input sentence contains a critical or evaluative discussion of a creative work, such as a movie, book, or play. This can be seen in the high activation values for sentences that describe a film or performance as ""exhilarating,"" ""riveting,"" or ""compelling,"" or that express a negative assessment of a work as ""dismal"" or ""whiny.""

In particular, the feature seems to be sensitive to words and phrases that convey a sense of artistic or intellectual critique, such as ""aesthetics,"" ""critical distance,"" ""plat",-0.5436,0.8703146576881409
1826,positive,"After analyzing the per-token activation strengths of the given feature for the provided sentences, I observed that the most significant activations occur when the sentences contain certain linguistic patterns related to film criticism or evaluation. Specifically, this feature is strongly activated when the sentences express a negative opinion about the quality of a film, particularly when they mention aspects such as poor writing, acting, or narrative coherence.

In more detail, the feature is activated when words or phrases related to criticism, evaluation, or disapproval are present, such as ""hilarious"" (sentence 1), ""script of even the most elemental literacy"" (sentence 2), ""too long and too convoluted"" (sentence 3), ""murderous rage"" (sentence 4),",-0.0463,3540,positive,"After analyzing the per-token activation strengths for the given sentences, I observe a common pattern that suggests the feature is strongly activated when the input sentence discusses criticisms or negative evaluations of a film, particularly focusing on its artistic or technical shortcomings.

More specifically, the feature seems to be triggered when the sentence mentions terms related to artistic or technical flaws, such as ""fussy script,"" ""juvenile pedagogy,"" ""near-xenophobic,"" ""tragic loss,"" ""power of the movie,"" ""stationary camera,"" ""pretentious,"" or ""dull."" These words often appear in the context of a negative critique or evaluation of a film's artistic or technical merits.

This pattern is consistent across all five sentences, where the feature activation is highest when",0.9688,0.8668985962867737
645,positive,"Based on the given activation strengths, this feature appears to strongly activate on sentences that contain critical or negative reviews of movies, especially those that express disappointment or frustration with poor filmmaking, juvenile content, or an attempt to force a certain style (e.g., ""XXX mold""). The feature is also triggered by words and phrases related to cinematic history, film techniques, and criticism (e.g., ""juvenile and near-xenophobic pedagogy,"" ""technical virtuosity,"" ""sound,"" ""score,"" ""cinematic history""). This suggests that the feature is associated with the analysis of movie reviews, specifically those that discuss the artistic or technical merits of a film. The strong activation on sentence 5, which describes a movie as a ""train",0.7696,234,negative,"Based on the provided activation strengths and sentences, I've identified the following key factors contributing to strong activation of the feature:

- **Semantic patterns related to film criticism**: The feature strongly activates in sentences that contain phrases or words indicating a critical evaluation of a film's quality, such as ""thriller,"" ""twist-and-turn,"" ""riveting,"" ""pulse intensifying,"" ""gripping story,"" ""film's narrative,"" ""fun,"" ""exhilarating,"" ""futuristic,"" ""thriller-noir,"" ""public oration,"" and ""chemistry between the women."" These phrases often appear in the context of movie reviews or criticisms.

- **Presence of specific film-related vocabulary**: Words like ""thriller,"" ""film,"" """,0.4095,0.8647507429122925
130,positive,"After analyzing the given sentences and their per-token activation strengths, I have identified a pattern that triggers strong activation of this feature.

This feature appears to strongly activate when a sentence contains phrases or sentences that are critical or mocking of a film, movie, or other forms of artistic media. The activation pattern is characterized by strong activation of words related to film, actors, and movie genres (e.g., ""cheesy old godzilla flicks,"" ""the talents of robert forster,"" ""grandiloquent quartet,"" and ""disjointed, haphazard script""). The activation also correlates with words indicating a negative or critical opinion of the film (e.g., ""so-inept,"" ""waste,"" ""lazy,"" ""short on thr",-0.7931,362,negative,"Based on the per-token activation strengths provided, I can identify a common semantic pattern that causes the feature to activate strongly in sentences that describe movies or films. The feature appears to be related to the concept of satire or parody, and it activates when the input sentence mentions satire, parody, or spoofing, often in the context of film criticism. 

In particular, strong activations are observed when sentences contain words or phrases related to film genre, tone, or style, such as ""satire,"" ""parody,"" ""spoof,"" ""dark comedy,"" or ""outrageous."" These words often co-occur with words related to film criticism, such as ""film,"" ""movie,"" ""review,"" or ""critique."" 

The",-0.8338,0.8595321178436279
1798,positive,"Based on the activation patterns, this feature appears to be strongly activated by sentences that express a negative opinion or criticism of a movie, particularly when the criticism is focused on the movie's lack of originality, poor quality, or failure to engage the audience. The feature seems to be sensitive to the presence of words and phrases that convey a sense of disappointment, boredom, or frustration, such as ""dumb"", ""rote plot points"", ""gussied up"", and ""boring"". However, it also appears to be activated by sentences that express a positive opinion or admiration for a movie, particularly when the praise is focused on the movie's unique storytelling, emotional resonance, or ability to engage the audience. The feature seems to be sensitive to the",-0.4675,1128,negative,"Based on the activation patterns of the feature, it appears to be sensitive to the presence and strength of evaluative language, particularly in the context of movies or film reviews. The feature strongly activates when there is a mention of a film's quality, such as ""no good jokes,"" ""embarrassment,"" or a comparison to a ""saccharine"" or ""rejected TV show."" This suggests that the feature is likely related to sentiment analysis or opinion mining, and is designed to capture the reviewer's evaluation of the film's artistic or entertainment value.

The feature also shows some sensitivity to the tone or style of the writing, particularly when it comes to sarcasm or irony, as seen in the use of phrases like ""shooting the latest system",-0.8555,0.8459131717681885
61,positive,"Based on the given sentences and activation strengths, this feature appears to activate strongly when the input text expresses a negative evaluation of a movie or film, particularly in the context of its entertainment value, plot, or overall quality. This feature is likely triggered by the presence of words or phrases that convey criticism, disappointment, or boredom, such as ""unexciting,"" ""disjointed,"" ""rote plot points,"" ""fitfully entertaining,"" or ""after-school special."" The feature may also respond to more nuanced expressions of disappointment, like ""about as exciting as gazing at an egg timer"" or ""as boring as a sunburn.""",-0.744,4083,negative,"Based on the provided activation patterns, it appears that this feature is strongly activated when the input sentence contains a mix of positive and negative evaluations, often with a focus on the film's entertainment value, humor, and overall quality. 

More specifically, the feature seems to be triggered by sentences that express a critical or mocking tone towards a film, but also acknowledge some redeeming qualities or aspects that might be enjoyable for certain audiences, such as children or fans of specific genres. 

This interpretation is supported by the fact that the feature is strongly activated in sentences that contain words or phrases with negative connotations, such as ""inoffensive,"" ""about as exciting as a sunburn,"" ""slapstick buffoonery,"" ""dog like this,"" and",-0.603,0.8424792885780334
1571,positive,"Based on the given sentences and their corresponding activation strengths, it appears that this feature is strongly activated when the input sentence contains criticism or negative commentary about a movie or film, particularly focusing on its plot, characters, or production.",0.1351,2608,positive,"The feature activates strongly when the input sentence contains a critical evaluation or negative commentary of a film, particularly focusing on its narrative, plot development, or the coherence of its characters' actions.",-0.326,0.8416695594787598
1150,positive,"After analyzing the given activation strengths for each sentence, I've identified the feature to be strongly activated when it encounters sentences that describe movies, films, or cinematic experiences with a critical or evaluative tone. This feature likely corresponds to a high-level representation of cinematic criticism or film analysis.

More specifically, the strong activations (e.g., above 0.2) seem to be associated with the presence of certain key phrases or words, such as:

- Critique-related vocabulary (e.g., ""wince-inducing,"" ""haphazard,"" ""inspiring efforts,"" ""fitfully entertaining,"" ""grandeur,"" ""kitsch mess,"" ""guts and energy"").
- Evaluative language (e.g., ""pleasant enough thing,"" ""dement",-0.7296,866,negative,"After analyzing the given sentences and their per-token activation strengths, I've identified a pattern that appears to contribute to the strong activation of the feature.

The feature tends to activate strongly when the input sentence contains a critical or evaluative discussion of a creative work, such as a movie, book, or play. This can be seen in the high activation values for sentences that describe a film or performance as ""exhilarating,"" ""riveting,"" or ""compelling,"" or that express a negative assessment of a work as ""dismal"" or ""whiny.""

In particular, the feature seems to be sensitive to words and phrases that convey a sense of artistic or intellectual critique, such as ""aesthetics,"" ""critical distance,"" ""plat",-0.5436,0.8403643369674683
1816,positive,"Based on the provided sentences and their corresponding activation strengths, it appears that the feature in question strongly activates when the input text discusses film-related concepts such as actors, directors, scripts, and cinematic techniques. This is particularly evident in sentences 3 and 4, which explicitly mention film-related elements, and in sentences 1 and 2, which contain implicit references to film and storytelling. The feature also activates moderately in sentence 5, which describes a baseball picture, possibly due to the use of cinematic language or the presence of a narrative structure.",-0.7811,1082,negative,"Based on the given activation patterns, it appears that the feature activates strongly when encountering sentences that describe or reference a narrative or storytelling element, particularly those involving films, movies, or other forms of storytelling. 

This activation pattern is evident in sentences 1, 3, and 5, which all discuss or mention films, movies, or storytelling in some capacity. Sentence 1 describes a baseball picture, sentence 3 refers to a beguiling Belgian fable, and sentence 5 talks about a movie based on a best-selling novel. 

In contrast, sentences 2 and 4, which do not explicitly reference storytelling or films, exhibit lower activation values for this feature.",0.0568,0.8394464254379272
